USE itms_database;

DELETE FROM user_role;
DELETE FROM user_task;
DELETE FROM task_product;
DELETE FROM task_warehouse;
DELETE FROM role;
DELETE FROM users;
DELETE FROM task;
DELETE FROM type;
DELETE FROM warehouse;
DELETE FROM product;


ALTER TABLE user_role AUTO_INCREMENT = 0;
ALTER TABLE role AUTO_INCREMENT = 0;
ALTER TABLE users AUTO_INCREMENT = 0;
ALTER TABLE type AUTO_INCREMENT = 0;
ALTER TABLE task AUTO_INCREMENT = 0;
ALTER TABLE user_task AUTO_INCREMENT = 0;
ALTER TABLE product AUTO_INCREMENT = 0;
ALTER TABLE warehouse AUTO_INCREMENT = 0;
ALTER TABLE task_product AUTO_INCREMENT = 0;
ALTER TABLE task_warehouse AUTO_INCREMENT = 0;


INSERT INTO role (id, name) VALUES
(1, 'Admin'),
(2, 'Manager'),
(3, 'Warehouseman'),
(4, 'Printer'),
(5, 'User');

INSERT INTO users (id, user_name, password, name, last_name, pesel, email, phone_number, is_active) VALUES
(1, 'JKowalski', '$2b$12$vDdaQqZUOgs//0WnON2lPuHsnDqpqRZBOHW1rCyjlexzZZPA3k10i', 'Jan', 'Kowalski', 'bByC+fkZin098Wtl41vOxT7DKoy8k1HJ8khJ7+Xp6Xk=', 'jKowalski@gmail.com', '123123123', TRUE),
(2, 'ARogalska', '$2b$12$vDdaQqZUOgs//0WnON2lPuQU4V6OqGsR3IZ57ORPC3aupwf88RYt6', 'Anna', 'Rogalska', 'VoLD5zCmh38t6MvIKkMQRjyPVOlt0Sc00ElJ8BviG5s=', 'aRogalska@gmail.com', '234234234', TRUE),
(3, 'RKaczmarski', '$2b$12$vDdaQqZUOgs//0WnON2lPu84ejDeoUOdJeM0SpjMziEqpnS67ZseC', 'Robert', 'Kaczmarski', 'v51bzdSdUu79mLD7DUemqITrQ5w6v/C1LeVCC3M8yHU=', 'rKaczmarksi@gmail.com', '345345345', TRUE),
(4, 'SStołeczny', '$2b$12$vDdaQqZUOgs//0WnON2lPuI.PACzHlzVkCRayhXkQg9y0KTTrNaRG', 'Stanisław', 'Stołeczny', 'Lin4gqRVO6LFReAw0qKxYY3xZe6TLH3I0pdAhUKhJ14=', 'sStoleczny@gmail.com', '456456456',TRUE);

INSERT INTO user_role (user_id, role_id) VALUES
(1, 1),
(2, 2),
(3, 3),
(4, 4);

INSERT INTO type (id, name, is_active) VALUES
(1, 'Import', TRUE),
(2, 'Shipment', TRUE),
(3, 'Move', TRUE),
(4, 'Print', TRUE),
(5, 'Order product', TRUE),
(6, 'Administrative changes', TRUE),
(7, 'others', TRUE);

INSERT INTO task (id, name, description, state, priority, type_id, creation_date, start_date, end_date, is_active) VALUES
(1, 'Prepare products for shipment', 'prepare products attached to this task and deliver them to gate B', 0, 5, 2, '2024-01-14 10:10:00 ', NULL, NULL, TRUE),
(2, 'Move products', 'move products from between two spaces attached to this task', 0, 4, 3, '2024-01-10 10:09:00', NULL, NULL, TRUE),
(3, 'Prepare products for shipment', 'prepare products attached to this task and deliver them to gate A', 0, 6, 2, '2024-01-09 10:12:00', '2024-01-10 09:10:00', NULL, TRUE),
(4, 'Unload transport', 'Unload transport from gate C to spot attached to this task', 0, 10, 1, '2024-01-01 08:00:00', '2024-01-01 08:01:00', '2024-01-01 09:01:00', TRUE),
(5, 'Print T-shirts pattern', 'Print flower pattern on products from space attached to this task', 0, 3, 4, '2024-01-14 10:09:00', NULL, NULL, TRUE),
(6, 'Print T-shirts pattern', 'Print flame pattern on T-shirts from space attached to this task', 0, 5, 4, '2024-01-10 10:08:00', '2024-01-11 08:08:00', NULL, TRUE),
(7, 'Print T-Shirts pattern', 'Print water pattern on T-shirts from space attached to this task', 0, 7, 4, '2024-01-08 08:08:00','2024-01-09 09:08:00', '2024-01-10 10:09:08', TRUE),
(8, 'Remove user', 'Remove user Jkowalski', 0, 10, 6, '2024-02-01 08:08:08', NULL, NULL, TRUE),
(9, 'Order T-shirts', 'Order T-shirts, size XXL, black color, quantity: 300 from Ebay', 0, 10, 5, '2024-01-08 10:21:00', NULL, NULL, TRUE);

INSERT INTO user_task (user_id, task_id) VALUES
(3, 3),
(3, 4),
(4, 6),
(4, 7);

INSERT INTO product (id, name, code, height, width, length, weight, is_active) VALUES
(1, 'T-shirt_blue_XLx200', 'T-sblu1', 80, 50, 70, 9, TRUE),
(2, 'T-shirt_blue_XSx200', 'T-sblu2', 60, 90, 60, 11, TRUE),
(3, 'Hoodie_blue_XLx100', 'Hooblu3', 70, 60, 70, 12, TRUE),
(4, 'T-shirt_black_Lx200', 'T-sbla4', 60, 80, 80, 6, TRUE),
(5, 'Hoodie_pink_Mx300', 'Hoopin5', 70, 70, 70, 5, TRUE),
(6, 'T-shirt_black_XLx200', 'T-sbla6', 70, 50, 70, 14, TRUE),
(7, 'T-shirt_pink_XXLx300', 'T-spin7', 60, 80, 80, 11, TRUE),
(8, 'T-shirt_blue_XXLx100', 'T-sblu8', 60, 80, 90, 10, TRUE),
(9, 'T-shirt_pink_XLx300', 'T-spin9', 70, 60, 80, 7, TRUE),
(10, 'Hoodie_black_Sx400', 'Hoobla10', 60, 60, 90, 8, TRUE),
(11, 'T-shirt_pink_XSx200', 'T-spin11', 90, 50, 80, 11, TRUE),
(12, 'Hoodie_blue_XLx300', 'Hooblu12', 50, 80, 90, 7, TRUE),
(13, 'T-shirt_pink_Lx400', 'T-spin13', 50, 50, 60, 13, TRUE),
(14, 'Hoodie_pink_Lx300', 'Hoopin14', 60, 80, 70, 13, TRUE),
(15, 'Hoodie_blue_XXLx200', 'Hooblu15', 60, 90, 60, 8, TRUE),
(16, 'Hoodie_blue_XXLx400', 'Hooblu16', 80, 60, 80, 13, TRUE),
(17, 'Hoodie_pink_XXLx100', 'Hoopin17', 60, 50, 70, 12, TRUE),
(18, 'T-shirt_black_XXLx400', 'T-sbla18', 70, 90, 60, 9, TRUE),
(19, 'T-shirt_blue_Lx300', 'T-sblu19', 50, 60, 80, 13, TRUE),
(20, 'T-shirt_black_Mx200', 'T-sbla20', 50, 60, 60, 11, TRUE),
(21, 'T-shirt_pink_XSx200', 'T-spin21', 70, 60, 50, 13, TRUE),
(22, 'T-shirt_black_Sx200', 'T-sbla22', 50, 90, 70, 13, TRUE),
(23, 'Hoodie_black_Mx400', 'Hoobla23', 80, 70, 50, 10, TRUE),
(24, 'Hoodie_black_Lx300', 'Hoobla24', 90, 80, 90, 11, TRUE),
(25, 'T-shirt_black_XXLx100', 'T-sbla25', 70, 80, 60, 9, TRUE),
(26, 'Hoodie_black_Mx200', 'Hoobla26', 90, 50, 70, 10, TRUE),
(27, 'Hoodie_blue_XSx400', 'Hooblu27', 60, 50, 90, 11, TRUE),
(28, 'Hoodie_pink_Sx400', 'Hoopin28', 60, 80, 80, 6, TRUE),
(29, 'T-shirt_black_XXLx400', 'T-sbla29', 90, 80, 70, 6, TRUE),
(30, 'T-shirt_blue_Sx200', 'T-sblu30', 80, 50, 80, 13, TRUE),
(31, 'T-shirt_black_Mx300', 'T-sbla31', 80, 50, 70, 12, TRUE),
(32, 'Hoodie_blue_Mx200', 'Hooblu32', 70, 80, 50, 5, TRUE),
(33, 'Hoodie_blue_Sx300', 'Hooblu33', 80, 80, 50, 13, TRUE),
(34, 'Hoodie_blue_XSx300', 'Hooblu34', 50, 50, 70, 14, TRUE),
(35, 'T-shirt_blue_XXLx300', 'T-sblu35', 50, 60, 90, 6, TRUE),
(36, 'T-shirt_blue_XXLx400', 'T-sblu36', 50, 90, 60, 14, TRUE),
(37, 'T-shirt_blue_Sx100', 'T-sblu37', 70, 80, 80, 13, TRUE),
(38, 'T-shirt_black_Mx200', 'T-sbla38', 90, 50, 80, 13, TRUE),
(39, 'T-shirt_black_Sx100', 'T-sbla39', 70, 60, 60, 8, TRUE),
(40, 'Hoodie_blue_Mx200', 'Hooblu40', 50, 90, 50, 9, TRUE),
(41, 'Hoodie_pink_Lx300', 'Hoopin41', 80, 70, 80, 10, TRUE),
(42, 'Hoodie_pink_Mx200', 'Hoopin42', 80, 90, 70, 11, TRUE),
(43, 'T-shirt_blue_XLx400', 'T-sblu43', 50, 60, 90, 14, TRUE),
(44, 'Hoodie_black_Lx400', 'Hoobla44', 70, 50, 50, 8, TRUE),
(45, 'Hoodie_black_Sx100', 'Hoobla45', 60, 90, 60, 10, TRUE),
(46, 'Hoodie_blue_XLx300', 'Hooblu46', 60, 80, 60, 14, TRUE),
(47, 'Hoodie_black_Lx300', 'Hoobla47', 80, 80, 80, 9, TRUE),
(48, 'Hoodie_blue_Sx400', 'Hooblu48', 70, 60, 80, 14, TRUE),
(49, 'Hoodie_black_Mx300', 'Hoobla49', 90, 90, 90, 9, TRUE),
(50, 'Hoodie_blue_Sx100', 'Hooblu50', 70, 50, 50, 7, TRUE);

INSERT INTO warehouse (id, building, zone, space_id, space_height, space_width, space_length, product_id, is_active) VALUES
(1, 'A', 'a', 0, 120, 100, 120, 19, TRUE),
(2, 'A', 'a', 1, 120, 130, 120, 33, TRUE),
(3, 'A', 'a', 2, 110, 140, 110, 47, TRUE),
(4, 'A', 'a', 3, 120, 120, 120, 18, TRUE),
(5, 'A', 'a', 4, 140, 120, 120, 12, TRUE),
(6, 'A', 'a', 5, 140, 110, 110, 43, TRUE),
(7, 'A', 'a', 6, 100, 100, 100, 10, TRUE),
(8, 'A', 'a', 7, 130, 140, 140, 41, TRUE),
(9, 'A', 'a', 8, 140, 100, 120, 21, TRUE),
(10, 'A', 'a', 9, 100, 120, 120, 40, TRUE),
(11, 'A', 'a', 10, 130, 120, 140, 34, TRUE),
(12, 'A', 'a', 11, 100, 140, 130, 42, TRUE),
(13, 'A', 'a', 12, 130, 130, 110, 20, TRUE),
(14, 'A', 'a', 13, 140, 130, 130, 25, TRUE),
(15, 'A', 'a', 14, 110, 110, 110, 49, TRUE),
(16, 'A', 'a', 15, 140, 120, 110, 26, TRUE),
(17, 'A', 'a', 16, 100, 110, 120, 24, TRUE),
(18, 'A', 'a', 17, 100, 110, 140, 6, TRUE),
(19, 'A', 'a', 18, 140, 140, 120, 45, TRUE),
(20, 'A', 'a', 19, 130, 130, 130, 28, TRUE),
(21, 'A', 'a', 20, 140, 140, 120, 46, TRUE),
(22, 'A', 'a', 21, 130, 110, 120, 32, TRUE),
(23, 'A', 'a', 22, 140, 100, 110, 38, TRUE),
(24, 'A', 'a', 23, 140, 100, 110, 11, TRUE),
(25, 'A', 'a', 24, 140, 120, 140, 5, TRUE),
(26, 'A', 'a', 25, 140, 130, 110, 48, TRUE),
(27, 'A', 'a', 26, 140, 110, 100, 29, TRUE),
(28, 'A', 'a', 27, 110, 130, 120, 23, TRUE),
(29, 'A', 'a', 28, 100, 130, 140, 35, TRUE),
(30, 'A', 'a', 29, 140, 110, 120, 8, TRUE),
(31, 'A', 'a', 30, 110, 100, 100, 1, TRUE),
(32, 'A', 'a', 31, 120, 110, 100, 17, TRUE),
(33, 'A', 'a', 32, 140, 100, 120, 15, TRUE),
(34, 'A', 'a', 33, 140, 130, 120, 31, TRUE),
(35, 'A', 'a', 34, 130, 120, 120, 37, TRUE),
(36, 'A', 'a', 35, 100, 110, 110, 3, TRUE),
(37, 'A', 'a', 36, 100, 140, 140, 7, TRUE),
(38, 'A', 'a', 37, 110, 110, 100, 36, TRUE),
(39, 'A', 'a', 38, 130, 120, 100, 22, TRUE),
(40, 'A', 'a', 39, 130, 130, 120, 16, TRUE),
(41, 'A', 'a', 40, 100, 100, 140, 14, TRUE),
(42, 'A', 'a', 41, 100, 100, 110, 30, TRUE),
(43, 'A', 'a', 42, 140, 140, 110, 13, TRUE),
(44, 'A', 'a', 43, 100, 110, 100, 2, TRUE),
(45, 'A', 'a', 44, 140, 130, 110, 27, TRUE),
(46, 'A', 'a', 45, 140, 120, 130, 4, TRUE),
(47, 'A', 'a', 46, 130, 130, 110, 9, TRUE),
(48, 'A', 'a', 47, 100, 120, 130, 39, TRUE),
(49, 'A', 'a', 48, 100, 120, 140, 44, TRUE),
(50, 'A', 'a', 49, 120, 110, 100, NULL, TRUE),
(51, 'A', 'b', 0, 100, 140, 100, NULL, TRUE),
(52, 'A', 'b', 1, 130, 110, 100, NULL, TRUE),
(53, 'A', 'b', 2, 120, 110, 130, NULL, TRUE),
(54, 'A', 'b', 3, 130, 100, 100, NULL, TRUE),
(55, 'A', 'b', 4, 100, 100, 110, NULL, TRUE),
(56, 'A', 'b', 5, 120, 120, 140, NULL, TRUE),
(57, 'A', 'b', 6, 110, 110, 140, NULL, TRUE),
(58, 'A', 'b', 7, 110, 120, 130, NULL, TRUE),
(59, 'A', 'b', 8, 130, 100, 100, NULL, TRUE),
(60, 'A', 'b', 9, 100, 110, 120, NULL, TRUE),
(61, 'A', 'b', 10, 100, 110, 120, NULL, TRUE),
(62, 'A', 'b', 11, 140, 120, 140, NULL, TRUE),
(63, 'A', 'b', 12, 110, 130, 140, NULL, TRUE),
(64, 'A', 'b', 13, 100, 100, 120, NULL, TRUE),
(65, 'A', 'b', 14, 140, 130, 140, NULL, TRUE),
(66, 'A', 'b', 15, 140, 130, 130, NULL, TRUE),
(67, 'A', 'b', 16, 110, 120, 110, NULL, TRUE),
(68, 'A', 'b', 17, 100, 140, 130, NULL, TRUE),
(69, 'A', 'b', 18, 120, 110, 100, NULL, TRUE),
(70, 'A', 'b', 19, 120, 130, 140, NULL, TRUE),
(71, 'A', 'b', 20, 140, 100, 110, NULL, TRUE),
(72, 'A', 'b', 21, 100, 110, 130, NULL, TRUE),
(73, 'A', 'b', 22, 130, 130, 130, NULL, TRUE),
(74, 'A', 'b', 23, 130, 130, 100, NULL, TRUE),
(75, 'A', 'b', 24, 130, 100, 130, NULL, TRUE),
(76, 'A', 'b', 25, 140, 130, 110, NULL, TRUE),
(77, 'A', 'b', 26, 100, 140, 130, NULL, TRUE),
(78, 'A', 'b', 27, 130, 130, 140, NULL, TRUE),
(79, 'A', 'b', 28, 110, 130, 130, NULL, TRUE),
(80, 'A', 'b', 29, 100, 100, 120, NULL, TRUE),
(81, 'A', 'b', 30, 130, 130, 120, NULL, TRUE),
(82, 'A', 'b', 31, 100, 120, 130, NULL, TRUE),
(83, 'A', 'b', 32, 130, 140, 110, NULL, TRUE),
(84, 'A', 'b', 33, 130, 140, 140, NULL, TRUE),
(85, 'A', 'b', 34, 110, 110, 120, NULL, TRUE),
(86, 'A', 'b', 35, 110, 130, 130, NULL, TRUE),
(87, 'A', 'b', 36, 140, 130, 120, NULL, TRUE),
(88, 'A', 'b', 37, 140, 130, 100, NULL, TRUE),
(89, 'A', 'b', 38, 130, 140, 120, NULL, TRUE),
(90, 'A', 'b', 39, 140, 120, 100, NULL, TRUE),
(91, 'A', 'b', 40, 140, 120, 140, NULL, TRUE),
(92, 'A', 'b', 41, 120, 110, 120, NULL, TRUE),
(93, 'A', 'b', 42, 130, 100, 120, NULL, TRUE),
(94, 'A', 'b', 43, 100, 100, 140, NULL, TRUE),
(95, 'A', 'b', 44, 100, 110, 140, NULL, TRUE),
(96, 'A', 'b', 45, 100, 130, 110, NULL, TRUE),
(97, 'A', 'b', 46, 110, 140, 130, NULL, TRUE),
(98, 'A', 'b', 47, 130, 140, 120, NULL, TRUE),
(99, 'A', 'b', 48, 100, 110, 130, NULL, TRUE),
(100, 'A', 'b', 49, 140, 130, 120, NULL, TRUE),
(101, 'A', 'c', 0, 110, 110, 100, NULL, TRUE),
(102, 'A', 'c', 1, 100, 140, 130, NULL, TRUE),
(103, 'A', 'c', 2, 130, 110, 140, NULL, TRUE),
(104, 'A', 'c', 3, 110, 120, 130, NULL, TRUE),
(105, 'A', 'c', 4, 100, 110, 100, NULL, TRUE),
(106, 'A', 'c', 5, 100, 110, 100, NULL, TRUE),
(107, 'A', 'c', 6, 110, 120, 110, NULL, TRUE),
(108, 'A', 'c', 7, 120, 110, 110, NULL, TRUE),
(109, 'A', 'c', 8, 140, 130, 140, NULL, TRUE),
(110, 'A', 'c', 9, 120, 120, 110, NULL, TRUE),
(111, 'A', 'c', 10, 100, 130, 130, NULL, TRUE),
(112, 'A', 'c', 11, 140, 110, 100, NULL, TRUE),
(113, 'A', 'c', 12, 140, 120, 140, NULL, TRUE),
(114, 'A', 'c', 13, 130, 120, 100, NULL, TRUE),
(115, 'A', 'c', 14, 140, 120, 110, NULL, TRUE),
(116, 'A', 'c', 15, 120, 120, 110, NULL, TRUE),
(117, 'A', 'c', 16, 120, 110, 140, NULL, TRUE),
(118, 'A', 'c', 17, 130, 110, 130, NULL, TRUE),
(119, 'A', 'c', 18, 130, 100, 120, NULL, TRUE),
(120, 'A', 'c', 19, 120, 130, 120, NULL, TRUE),
(121, 'A', 'c', 20, 100, 130, 130, NULL, TRUE),
(122, 'A', 'c', 21, 140, 120, 140, NULL, TRUE),
(123, 'A', 'c', 22, 140, 120, 120, NULL, TRUE),
(124, 'A', 'c', 23, 100, 110, 100, NULL, TRUE),
(125, 'A', 'c', 24, 120, 120, 120, NULL, TRUE),
(126, 'A', 'c', 25, 100, 100, 140, NULL, TRUE),
(127, 'A', 'c', 26, 110, 110, 140, NULL, TRUE),
(128, 'A', 'c', 27, 140, 110, 120, NULL, TRUE),
(129, 'A', 'c', 28, 140, 110, 140, NULL, TRUE),
(130, 'A', 'c', 29, 110, 130, 140, NULL, TRUE),
(131, 'A', 'c', 30, 140, 110, 140, NULL, TRUE),
(132, 'A', 'c', 31, 140, 130, 130, NULL, TRUE),
(133, 'A', 'c', 32, 100, 110, 140, NULL, TRUE),
(134, 'A', 'c', 33, 120, 100, 140, NULL, TRUE),
(135, 'A', 'c', 34, 130, 110, 120, NULL, TRUE),
(136, 'A', 'c', 35, 110, 100, 110, NULL, TRUE),
(137, 'A', 'c', 36, 120, 130, 130, NULL, TRUE),
(138, 'A', 'c', 37, 120, 120, 120, NULL, TRUE),
(139, 'A', 'c', 38, 100, 140, 110, NULL, TRUE),
(140, 'A', 'c', 39, 100, 110, 130, NULL, TRUE),
(141, 'A', 'c', 40, 120, 100, 120, NULL, TRUE),
(142, 'A', 'c', 41, 130, 130, 100, NULL, TRUE),
(143, 'A', 'c', 42, 140, 120, 120, NULL, TRUE),
(144, 'A', 'c', 43, 120, 130, 130, NULL, TRUE),
(145, 'A', 'c', 44, 110, 100, 130, NULL, TRUE),
(146, 'A', 'c', 45, 130, 100, 120, NULL, TRUE),
(147, 'A', 'c', 46, 130, 120, 130, NULL, TRUE),
(148, 'A', 'c', 47, 140, 130, 140, NULL, TRUE),
(149, 'A', 'c', 48, 120, 110, 130, NULL, TRUE),
(150, 'A', 'c', 49, 110, 140, 110, NULL, TRUE),
(151, 'B', 'a', 0, 130, 120, 120, NULL, TRUE),
(152, 'B', 'a', 1, 100, 140, 120, NULL, TRUE),
(153, 'B', 'a', 2, 120, 140, 120, NULL, TRUE),
(154, 'B', 'a', 3, 110, 140, 100, NULL, TRUE),
(155, 'B', 'a', 4, 110, 100, 100, NULL, TRUE),
(156, 'B', 'a', 5, 120, 130, 140, NULL, TRUE),
(157, 'B', 'a', 6, 100, 100, 130, NULL, TRUE),
(158, 'B', 'a', 7, 140, 140, 120, NULL, TRUE),
(159, 'B', 'a', 8, 140, 120, 120, NULL, TRUE),
(160, 'B', 'a', 9, 100, 130, 140, NULL, TRUE),
(161, 'B', 'a', 10, 130, 120, 130, NULL, TRUE),
(162, 'B', 'a', 11, 140, 120, 130, NULL, TRUE),
(163, 'B', 'a', 12, 130, 120, 140, NULL, TRUE),
(164, 'B', 'a', 13, 120, 100, 100, NULL, TRUE),
(165, 'B', 'a', 14, 120, 100, 140, NULL, TRUE),
(166, 'B', 'a', 15, 140, 140, 110, NULL, TRUE),
(167, 'B', 'a', 16, 100, 130, 100, NULL, TRUE),
(168, 'B', 'a', 17, 130, 140, 130, NULL, TRUE),
(169, 'B', 'a', 18, 120, 140, 110, NULL, TRUE),
(170, 'B', 'a', 19, 100, 140, 110, NULL, TRUE),
(171, 'B', 'a', 20, 120, 110, 140, NULL, TRUE),
(172, 'B', 'a', 21, 110, 140, 140, NULL, TRUE),
(173, 'B', 'a', 22, 110, 130, 100, NULL, TRUE),
(174, 'B', 'a', 23, 110, 130, 100, NULL, TRUE),
(175, 'B', 'a', 24, 130, 110, 120, NULL, TRUE),
(176, 'B', 'a', 25, 130, 140, 110, NULL, TRUE),
(177, 'B', 'a', 26, 140, 120, 120, NULL, TRUE),
(178, 'B', 'a', 27, 100, 130, 100, NULL, TRUE),
(179, 'B', 'a', 28, 130, 130, 130, NULL, TRUE),
(180, 'B', 'a', 29, 140, 120, 130, NULL, TRUE),
(181, 'B', 'a', 30, 120, 100, 140, NULL, TRUE),
(182, 'B', 'a', 31, 130, 110, 130, NULL, TRUE),
(183, 'B', 'a', 32, 140, 120, 100, NULL, TRUE),
(184, 'B', 'a', 33, 110, 100, 130, NULL, TRUE),
(185, 'B', 'a', 34, 130, 110, 110, NULL, TRUE),
(186, 'B', 'a', 35, 130, 120, 130, NULL, TRUE),
(187, 'B', 'a', 36, 130, 120, 120, NULL, TRUE),
(188, 'B', 'a', 37, 110, 130, 100, NULL, TRUE),
(189, 'B', 'a', 38, 140, 130, 140, NULL, TRUE),
(190, 'B', 'a', 39, 130, 140, 140, NULL, TRUE),
(191, 'B', 'a', 40, 100, 100, 110, NULL, TRUE),
(192, 'B', 'a', 41, 110, 100, 140, NULL, TRUE),
(193, 'B', 'a', 42, 120, 100, 120, NULL, TRUE),
(194, 'B', 'a', 43, 110, 130, 130, NULL, TRUE),
(195, 'B', 'a', 44, 130, 120, 100, NULL, TRUE),
(196, 'B', 'a', 45, 100, 110, 100, NULL, TRUE),
(197, 'B', 'a', 46, 120, 120, 140, NULL, TRUE),
(198, 'B', 'a', 47, 100, 130, 140, NULL, TRUE),
(199, 'B', 'a', 48, 140, 110, 120, NULL, TRUE),
(200, 'B', 'a', 49, 120, 130, 110, NULL, TRUE),
(201, 'B', 'b', 0, 120, 110, 130, NULL, TRUE),
(202, 'B', 'b', 1, 120, 100, 140, NULL, TRUE),
(203, 'B', 'b', 2, 100, 110, 120, NULL, TRUE),
(204, 'B', 'b', 3, 100, 110, 140, NULL, TRUE),
(205, 'B', 'b', 4, 130, 130, 130, NULL, TRUE),
(206, 'B', 'b', 5, 140, 100, 120, NULL, TRUE),
(207, 'B', 'b', 6, 100, 110, 130, NULL, TRUE),
(208, 'B', 'b', 7, 110, 140, 120, NULL, TRUE),
(209, 'B', 'b', 8, 100, 130, 120, NULL, TRUE),
(210, 'B', 'b', 9, 130, 100, 100, NULL, TRUE),
(211, 'B', 'b', 10, 110, 120, 140, NULL, TRUE),
(212, 'B', 'b', 11, 110, 120, 120, NULL, TRUE),
(213, 'B', 'b', 12, 140, 130, 140, NULL, TRUE),
(214, 'B', 'b', 13, 120, 130, 120, NULL, TRUE),
(215, 'B', 'b', 14, 110, 120, 110, NULL, TRUE),
(216, 'B', 'b', 15, 140, 110, 120, NULL, TRUE),
(217, 'B', 'b', 16, 100, 120, 120, NULL, TRUE),
(218, 'B', 'b', 17, 110, 130, 100, NULL, TRUE),
(219, 'B', 'b', 18, 120, 130, 100, NULL, TRUE),
(220, 'B', 'b', 19, 110, 130, 130, NULL, TRUE),
(221, 'B', 'b', 20, 100, 110, 100, NULL, TRUE),
(222, 'B', 'b', 21, 130, 140, 140, NULL, TRUE),
(223, 'B', 'b', 22, 110, 110, 140, NULL, TRUE),
(224, 'B', 'b', 23, 120, 130, 140, NULL, TRUE),
(225, 'B', 'b', 24, 130, 120, 100, NULL, TRUE),
(226, 'B', 'b', 25, 100, 140, 110, NULL, TRUE),
(227, 'B', 'b', 26, 120, 120, 100, NULL, TRUE),
(228, 'B', 'b', 27, 100, 130, 110, NULL, TRUE),
(229, 'B', 'b', 28, 110, 110, 140, NULL, TRUE),
(230, 'B', 'b', 29, 110, 110, 110, NULL, TRUE),
(231, 'B', 'b', 30, 120, 120, 100, NULL, TRUE),
(232, 'B', 'b', 31, 140, 130, 130, NULL, TRUE),
(233, 'B', 'b', 32, 100, 120, 100, NULL, TRUE),
(234, 'B', 'b', 33, 140, 140, 130, NULL, TRUE),
(235, 'B', 'b', 34, 140, 130, 140, NULL, TRUE),
(236, 'B', 'b', 35, 140, 130, 100, NULL, TRUE),
(237, 'B', 'b', 36, 140, 100, 140, NULL, TRUE),
(238, 'B', 'b', 37, 130, 100, 130, NULL, TRUE),
(239, 'B', 'b', 38, 130, 120, 100, NULL, TRUE),
(240, 'B', 'b', 39, 140, 140, 130, NULL, TRUE),
(241, 'B', 'b', 40, 130, 110, 130, NULL, TRUE),
(242, 'B', 'b', 41, 120, 140, 100, NULL, TRUE),
(243, 'B', 'b', 42, 140, 100, 140, NULL, TRUE),
(244, 'B', 'b', 43, 120, 100, 140, NULL, TRUE),
(245, 'B', 'b', 44, 120, 100, 100, NULL, TRUE),
(246, 'B', 'b', 45, 130, 100, 110, NULL, TRUE),
(247, 'B', 'b', 46, 100, 130, 100, NULL, TRUE),
(248, 'B', 'b', 47, 100, 100, 130, NULL, TRUE),
(249, 'B', 'b', 48, 110, 120, 100, NULL, TRUE),
(250, 'B', 'b', 49, 120, 120, 120, NULL, TRUE),
(251, 'B', 'c', 0, 110, 130, 110, NULL, TRUE),
(252, 'B', 'c', 1, 140, 140, 140, NULL, TRUE),
(253, 'B', 'c', 2, 110, 110, 140, NULL, TRUE),
(254, 'B', 'c', 3, 140, 110, 140, NULL, TRUE),
(255, 'B', 'c', 4, 120, 130, 140, NULL, TRUE),
(256, 'B', 'c', 5, 130, 130, 130, NULL, TRUE),
(257, 'B', 'c', 6, 140, 140, 120, NULL, TRUE),
(258, 'B', 'c', 7, 130, 130, 120, NULL, TRUE),
(259, 'B', 'c', 8, 100, 140, 120, NULL, TRUE),
(260, 'B', 'c', 9, 100, 120, 130, NULL, TRUE),
(261, 'B', 'c', 10, 130, 100, 130, NULL, TRUE),
(262, 'B', 'c', 11, 140, 130, 130, NULL, TRUE),
(263, 'B', 'c', 12, 100, 110, 110, NULL, TRUE),
(264, 'B', 'c', 13, 120, 110, 100, NULL, TRUE),
(265, 'B', 'c', 14, 140, 120, 130, NULL, TRUE),
(266, 'B', 'c', 15, 120, 140, 120, NULL, TRUE),
(267, 'B', 'c', 16, 130, 140, 110, NULL, TRUE),
(268, 'B', 'c', 17, 110, 120, 120, NULL, TRUE),
(269, 'B', 'c', 18, 110, 110, 140, NULL, TRUE),
(270, 'B', 'c', 19, 110, 110, 140, NULL, TRUE),
(271, 'B', 'c', 20, 140, 130, 120, NULL, TRUE),
(272, 'B', 'c', 21, 120, 110, 120, NULL, TRUE),
(273, 'B', 'c', 22, 140, 130, 120, NULL, TRUE),
(274, 'B', 'c', 23, 130, 140, 100, NULL, TRUE),
(275, 'B', 'c', 24, 140, 130, 140, NULL, TRUE),
(276, 'B', 'c', 25, 130, 140, 130, NULL, TRUE),
(277, 'B', 'c', 26, 110, 130, 110, NULL, TRUE),
(278, 'B', 'c', 27, 110, 110, 110, NULL, TRUE),
(279, 'B', 'c', 28, 120, 130, 100, NULL, TRUE),
(280, 'B', 'c', 29, 100, 130, 100, NULL, TRUE),
(281, 'B', 'c', 30, 130, 110, 110, NULL, TRUE),
(282, 'B', 'c', 31, 100, 120, 110, NULL, TRUE),
(283, 'B', 'c', 32, 110, 140, 140, NULL, TRUE),
(284, 'B', 'c', 33, 140, 130, 140, NULL, TRUE),
(285, 'B', 'c', 34, 130, 110, 100, NULL, TRUE),
(286, 'B', 'c', 35, 130, 130, 100, NULL, TRUE),
(287, 'B', 'c', 36, 100, 140, 130, NULL, TRUE),
(288, 'B', 'c', 37, 110, 100, 110, NULL, TRUE),
(289, 'B', 'c', 38, 120, 140, 120, NULL, TRUE),
(290, 'B', 'c', 39, 110, 130, 110, NULL, TRUE),
(291, 'B', 'c', 40, 100, 120, 100, NULL, TRUE),
(292, 'B', 'c', 41, 100, 120, 120, NULL, TRUE),
(293, 'B', 'c', 42, 140, 100, 100, NULL, TRUE),
(294, 'B', 'c', 43, 120, 120, 140, NULL, TRUE),
(295, 'B', 'c', 44, 140, 140, 120, NULL, TRUE),
(296, 'B', 'c', 45, 120, 100, 140, NULL, TRUE),
(297, 'B', 'c', 46, 110, 100, 120, NULL, TRUE),
(298, 'B', 'c', 47, 100, 100, 140, NULL, TRUE),
(299, 'B', 'c', 48, 130, 110, 140, NULL, TRUE),
(300, 'B', 'c', 49, 130, 110, 140, NULL, TRUE);

INSERT INTO task_product (task_id, product_id) VALUES
(1, 1),
(1, 2),
(1, 3),
(1, 4),
(3, 5),
(3, 6),
(5, 7),
(6, 8),
(7, 8);

INSERT INTO task_warehouse (task_id, warehouse_id) VALUES
(2, 1),
(2, 200),
(3, 201);
